epoch,loss,val_loss
0,3.4705914089111705,0.12216533686201941
1,0.002954965421092642,0.03740896005573133
