epoch,samples,wer,wer_norm,cer,cer_norm
1,256,5.9296875,0.9882812500000001,14.953125,0.6230468750000007
