epoch,loss,val_loss
1,76.48585227525878,53.78379389065415
