epoch,loss,val_loss
0,101.03821845258814,131.13018722150792
