epoch,samples,wer,wer_norm,cer,cer_norm
0,6,1.3333333333333333,1.3333333333333333,36.333333333333336,12.111111111111112
