epoch,loss,val_loss
0,296.53448763760656,267.9670326926491
1,205.89260031960228,223.66723494096235
