epoch,loss,val_loss
0,3.3936565502174223,0.1866133983663934
1,0.003507531345177736,0.08262735654338882
