epoch,loss,val_loss
0,263.37632057883525,265.4678261496804
