epoch,loss,val_loss
0,3.2932026488549075,0.28532597157620987
1,0.0007773593917065767,0.03144193084659172
2,0.0003359571088199936,0.0018837394262956276
