epoch,loss,val_loss
1,77.60074752902392,87.78344898223877
