epoch,loss,val_loss
0,2.3477448565991,0.3341850319168059
