epoch,samples,wer,wer_norm,cer,cer_norm
6,256,4.78515625,0.7975260416666669,14.38671875,0.5994466145833335
7,256,5.3671875,0.8945312500000009,15.109375,0.6295572916666669
