epoch,samples,wer,wer_norm,cer,cer_norm
23,256,3.84375,0.6406249999999998,9.8203125,0.4091796874999999
24,256,2.3046875,0.3841145833333332,4.9453125,0.20605468749999992
25,256,2.29296875,0.38216145833333304,5.12109375,0.21337890624999997
26,256,2.078125,0.34635416666666646,4.52734375,0.1886393229166665
27,256,1.90625,0.3177083333333332,3.73828125,0.15576171875000006
