epoch,samples,wer,wer_norm,cer,cer_norm
6,256,4.78515625,0.7975260416666669,14.38671875,0.5994466145833335
7,256,5.3671875,0.8945312500000009,15.109375,0.6295572916666669
8,256,5.49609375,0.9160156250000009,15.36328125,0.6401367187500007
9,256,5.0703125,0.8450520833333339,14.36328125,0.5984700520833338
10,256,4.9609375,0.8268229166666667,14.7578125,0.6149088541666669
11,256,5.359375,0.8932291666666672,15.578125,0.6490885416666672
12,256,5.203125,0.8671875000000007,14.78125,0.6158854166666667
13,256,5.09375,0.8489583333333343,15.01953125,0.6258138020833336
14,256,5.078125,0.8463541666666673,15.26953125,0.6362304687499999
