epoch,samples,wer,wer_norm,cer,cer_norm
16,256,4.76171875,0.7936197916666667,13.89453125,0.5789388020833336
17,256,4.58984375,0.7649739583333335,13.57421875,0.5655924479166665
18,256,3.8828125,0.6471354166666663,9.96875,0.4153645833333329
19,256,3.421875,0.5703125000000006,8.5390625,0.3557942708333332
20,256,3.44921875,0.5748697916666662,8.46875,0.35286458333333315
21,256,3.00390625,0.5006510416666664,6.99609375,0.29150390624999994
22,256,2.73828125,0.45638020833333337,6.28125,0.26171874999999994
