epoch,loss,val_loss
1,77.46948877361973,84.85762455720315
2,62.14214552046219,51.87222570090856
3,61.86059196143629,49.65624800621563
4,40.54752431988146,34.28881582392667
5,33.452599261996426,32.63613151903719
