epoch,loss,val_loss
0,260.60726512562144,204.60848999023438
