epoch,loss,val_loss
1,18.265057997108617,13.341756479064031
2,12.675122760083644,13.156207212761267
