epoch,samples,wer,wer_norm,cer,cer_norm
1,256,5.8828125,0.9804687500000001,22.01171875,0.88046875
