epoch,loss,val_loss
1,71.45747433028407,69.82795814969647
