epoch,loss,val_loss
0,2.53731315396787,0.2762653796493259
1,0.0008982723512992196,0.04429555370445094
2,0.0003537398821573946,0.017354506921806376
