epoch,loss,val_loss
0,257.6785958030007,231.94417317708334
