epoch,loss,val_loss
0,3.3822765765056158,0.12616775693005597
