epoch,loss,val_loss
0,4.60206357437719,0.2302938702527948
1,0.0022563228923298912,0.05051348319620081
2,0.0007055466803459053,0.02303765826784542
