epoch,samples,wer,wer_norm,cer,cer_norm
1,256,5.4375,0.9062500000000008,17.08203125,0.7117513020833335
