epoch,loss,val_loss
1,68.07328451755238,48.32560855846115
