epoch,loss,val_loss
0,4.459291793146419,0.6222484465279309
