epoch,loss,val_loss
1,75.60183594982077,96.82907943725586
